{"00-6OyXVA0M": {"category": "Entertainment", "hipParams": [436.9107753673671, 39.210703660259455, 33.49923336887569, 0.16685076896321177, 0.0, 0.0, 1.0725646858780509, 468.61506853863574], "predictViewcount": [110975.33694331124, 618746.2444818774, 257258.4752146121, 123137.3070259634, 84790.27717024846, 100109.2391410029, 169303.7290701544, 329962.2498691743, 155581.4815783032, 77810.17125880506, 38032.57865291662, 32283.038253685394, 28398.76516860784, 21145.401100840987, 20654.672576899364, 20621.472191255783, 18434.672132358795, 11733.06188724363, 11716.573209215123, 13026.189988847193, 7434.952425529749, 7930.4971200655755, 8400.93412053072, 6685.118575584099, 7442.856110426273, 7057.2102954990605, 3972.74388452337, 5511.706484799963, 4305.0931355132425, 728.1731441259346, 1359.9970988175126, 2276.5648889178938, 3649.3078840733065, 1557.627346761617, 3163.757173421838, 3272.420369107226, 1532.1289087713146, 1851.2997428408137, 1872.8933414538517, 563.6219367500566, 1348.8643374709438, 1401.990147871304, 968.6736151592295, 1376.2682303961435, 2714.57649257812, 183.65548769965937, 1760.0683686379896, 1866.7210554371375, 1000.1151242535445, 1815.3061905025652, 122.81508539276957, 3503.595294420186, 2858.501443856056, 1504.1250995983564, 2286.3159120895807, 1902.3244910045628, 1439.4346607452508, 971.2069349215814, 939.5288475380053, 500.47488165638373, 1781.5028798641056, 5800.368192036814, 5635.354956091216, 5624.190936069805, 6060.346406310283, 2594.568432672762, 3233.911733949006, 1092.6128201289177, 4006.118026729123, 2018.6782194667876, 1010.395831815776, 1379.090959492419, 93.3028129585372, 3064.6878573993145, 644.253152578915, 480.4979158551099, 1343.2405568767558, 527.7881185717572, 472.6184390071522, 2216.5290192392868, 1460.692262445751, 4467.931327286813, 302.2792355133973, 1768.0938939167515, 2304.17480012715, 592.8004133353229, 40.10608996395237, 876.5349402943307, 1370.0345606806918, 966.511650312202, 502.30041128048725, 33.98328514952733, 2.299149361316363, 437.06632500779716, 29.569853454210552, 438.91133268206835, 466.60545336980067, 905.3898827883066, 498.16519974497015, 907.5250669061019, 61.39888090024714, 4.153959724205948, 874.1025881272293, 496.04844842970385, 33.56030672551372, 2.2705326290274592, 437.06438893418107, 466.48049783593575, 468.4706535167741, 905.5160734643337, 2682.727614049885, 618.4115176265948, 41.83881691529903, 439.7413930891614, 29.7508359885266, 875.8343524771402, 933.0763868341796, 63.12756312254981, 441.1816896064128, 29.84827968189451], "dailyViewcount": [90158, 695628, 312298, 170348, 82346, 61530, 76116, 229360, 109262, 40695, 26952, 18167, 13951, 11266, 11866, 18949, 18264, 13971, 8641, 7085, 5337, 4063, 4119, 5385, 4898, 4270, 3447, 3061, 2491, 1897, 1836, 2192, 2087, 2118, 2010, 1993, 1792, 1921, 1977, 1671, 1594, 1404, 1574, 1483, 1459, 1671, 1400, 1252, 1383, 1251, 1375, 1176, 1528, 1270, 1760, 1526, 1295, 1049, 1034, 1308, 1353, 1965, 2950, 2402, 1800, 1636, 2010, 1573, 1443, 1254, 1307, 1224, 888, 1021, 861, 982, 855, 1176, 1275, 1729, 2061, 2982, 1760, 1872, 1708, 1139, 1084, 1152, 901, 629, 585, 601, 465, 498, 627, 482, 629, 658, 714, 747, 566, 664, 546, 433, 357, 463, 379, 373, 450, 493, 452, 452, 423, 1056, 1407, 1153, 1081, 664, 576, 471]}}