{"00-6OyXVA0M": {"category": "Entertainment", "hipParams": [436.9107961710787, 26.2324154827948, 32.03052651940392, 0.2538285746304374, 0.0, 0.0, 1.072564654905503, 468.6150773197216], "predictViewcount": [110975.34222745399, 618746.2700852453, 257258.4665603775, 123137.30738466594, 84790.27857230828, 100109.24174752981, 169303.73417002303, 329962.2602789884, 155581.47848348678, 77810.17143251374, 38032.578740273515, 32283.03896239659, 28398.765640733305, 21145.401314031988, 20654.672994289893, 20621.47258261643, 18434.672415241603, 11733.061926504331, 11716.573468650473, 13026.190273585014, 7434.952395865077, 7930.497315414787, 8400.934290812003, 6685.118648483616, 7442.856281693342, 7057.210412810386, 3972.743871911106, 5511.706650831697, 4305.093173512366, 728.1730610590373, 1359.9971640680908, 2276.564955779352, 3649.307986542216, 1557.6273070829207, 3163.757290837151, 3272.4204248972205, 1532.1288859991207, 1851.2997969188298, 1872.8933759805382, 563.6219092954852, 1348.8643931222953, 1401.9901715711328, 968.6736202066304, 1376.26827046847, 2714.576579859914, 183.6554100188404, 1760.0684615093312, 1866.721085180858, 1000.1151167774658, 1815.3062530842976, 122.81503435700913, 3503.5954673691103, 2858.501459526173, 1504.125091169148, 2286.315985668097, 1902.324511505542, 1439.4346763387798, 971.2069424613902, 939.5288671811301, 500.4748787424493, 1781.5029528520663, 5800.368409408422, 5635.3550327447365, 5624.191040470653, 6060.346532487089, 2594.568378640707, 3233.9118332564935, 1092.6127763721759, 4006.1181983852907, 2018.6781835787078, 1010.3958322375269, 1379.0910026402898, 93.30277585554461, 3064.688008090969, 644.2530777534259, 480.4979332402025, 1343.240608813098, 527.7880999557748, 472.61845073911786, 2216.5291117602183, 1460.6922577575424, 4467.931501609469, 302.27910342137545, 1768.0939927383251, 2304.1748517293863, 592.8003713874614, 40.106084592676915, 876.5349847955093, 1370.0345959409992, 966.5116535469768, 502.3004094470525, 33.983275144105015, 2.2991514439427823, 437.0663461392631, 29.56983970546436, 438.91135495646785, 466.6054606520364, 905.3899121083762, 498.1651947135337, 907.5250979556695, 61.39885535563673, 4.1539629813092755, 874.102630292608, 496.0484417268799, 33.56029588255007, 2.270534620613662, 437.064410057162, 466.48050489016975, 468.4706620075512, 905.5161030177534, 2682.727713063049, 618.4114589570952, 41.838812491849424, 439.74141699157354, 29.750822644654733, 875.8343955973519, 933.0764011404082, 63.1275385194383, 441.1817138714161, 29.848266479607208], "dailyViewcount": [90158, 695628, 312298, 170348, 82346, 61530, 76116, 229360, 109262, 40695, 26952, 18167, 13951, 11266, 11866, 18949, 18264, 13971, 8641, 7085, 5337, 4063, 4119, 5385, 4898, 4270, 3447, 3061, 2491, 1897, 1836, 2192, 2087, 2118, 2010, 1993, 1792, 1921, 1977, 1671, 1594, 1404, 1574, 1483, 1459, 1671, 1400, 1252, 1383, 1251, 1375, 1176, 1528, 1270, 1760, 1526, 1295, 1049, 1034, 1308, 1353, 1965, 2950, 2402, 1800, 1636, 2010, 1573, 1443, 1254, 1307, 1224, 888, 1021, 861, 982, 855, 1176, 1275, 1729, 2061, 2982, 1760, 1872, 1708, 1139, 1084, 1152, 901, 629, 585, 601, 465, 498, 627, 482, 629, 658, 714, 747, 566, 664, 546, 433, 357, 463, 379, 373, 450, 493, 452, 452, 423, 1056, 1407, 1153, 1081, 664, 576, 471]}, "00ATf2HR-FA": {"category": "Pets & Animals", "hipParams": [741.3525726758506, 1.331114783158087, 0.24817345379960884, 0.0, 6533.391810520272, 0.0, 1.5419747916353825, 1143.1469787801996], "predictViewcount": [15429.62268263048, 38672.79366773817, 20737.480145189416, 31072.826215728357, 33349.93026852042, 19571.69110164579, 11291.618915522142, 7985.843941448185, 5857.722264027416, 5687.203804172109, 3144.571983283019, 1630.7439376137206, 3274.342995610129, 2026.6189252928739, 2452.43011670965, 992.651339121686, 608.38027049705, 421.5882329055848, 313.04585876911534, 243.29143059947222, 195.33330966011465, 160.70524284118775, 134.7537413209041, 114.72841164932565, 98.90892273319045, 1568.8740883074381, 443.71081006253263, 972.8920741005152, 331.1937110693307, 928.6324306253019, 1791.2446409040322, 541.4160936052513, 279.4086374236631, 171.32588031258635, 858.1458777885613, 269.78897330054417, 1631.5551027868244, 2689.6518493961776, 787.1605837979877, 388.8664982054392, 226.95041746209318, 146.90514743945988, 102.5431617549246, 817.2277676664627, 242.77752452449025, 129.49070820406857, 82.8300203256894, 1541.5891275490224, 1154.2471092386008, 1125.819164427157, 383.5641582708913, 202.92212322858344, 124.20605993703269, 83.42568874696228, 60.00298425973376, 45.50999119580499, 36.00070411021717, 29.452389446098582, 24.755120368231985, 762.6183129831029, 202.57828328672852, 98.7179957085343, 58.49543475276276, 39.113215610809526, 28.497591496753177, 22.12504393782437, 18.013959810430737, 15.200277203538146, 754.5293844035899, 195.6436045074703, 92.70428148739278, 53.226483401441946, 34.454395987076644, 24.344747460906714, 18.39657927315921, 14.64516577389313, 12.139233914612207, 10.381397274252873, 9.095260575570833, 8.119292491725169, 7.354942870331944, 748.0923625615275, 190.21698972608877, 829.382650186118, 233.11487802869758, 113.03930469097747, 64.7650478554327, 41.12426718261975, 28.16849956042642, 761.8391402913356, 199.6294651599463, 94.6617270220845, 53.91098240418598, 34.32449634405119, 23.688074254731017, 17.398520604658533, 13.427929493022328, 752.137444518411, 192.9298381161619, 89.84014151687015, 50.31336175478288, 772.9057762182142, 205.47624492724535, 839.1903719858021, 239.61877566918994, 117.44346350695926, 67.78221137800953, 784.5481976288554, 213.56166642039656, 844.9975120968742, 243.90759521234918, 120.6859181410648, 70.28251342036204, 786.5088316955147, 215.12123963703644, 104.9007088469348, 60.94529152070353, 39.301436398892776, 27.287812401458794, 20.04367273954885], "dailyViewcount": [14939, 40664, 21261, 30914, 31073, 20395, 11713, 7690, 5526, 6259, 4195, 2917, 2239, 2273, 1450, 1449, 734, 610, 441, 791, 528, 536, 458, 459, 631, 893, 608, 365, 521, 337, 273, 223, 180, 256, 182, 204, 180, 213, 174, 199, 188, 199, 171, 183, 170, 174, 178, 381, 246, 200, 168, 166, 129, 112, 110, 154, 114, 125, 153, 105, 165, 122, 121, 105, 179, 163, 135, 96, 685, 604, 144, 94, 125, 111, 88, 138, 58, 66, 100, 122, 193, 359, 90, 93, 80, 100, 109, 84, 74, 70, 94, 143, 93, 116, 98, 92, 90, 102, 131, 128, 100, 85, 62, 87, 83, 70, 92, 97, 72, 107, 476, 208, 140, 102, 135, 150, 120, 94, 68, 83]}}